{
    "accuracy": 0.7412587412587412,
    "precision": 0.8552281052281052,
    "recall": 0.7412587412587412,
    "f1_score": 0.6966678036674155,
    "report": {
        "0": {
            "precision": 1.0,
            "recall": 1.0,
            "f1-score": 1.0,
            "support": 48.0
        },
        "1": {
            "precision": 1.0,
            "recall": 0.22916666666666666,
            "f1-score": 0.3728813559322034,
            "support": 48.0
        },
        "2": {
            "precision": 0.5595238095238095,
            "recall": 1.0,
            "f1-score": 0.7175572519083969,
            "support": 47.0
        },
        "accuracy": 0.7412587412587412,
        "macro avg": {
            "precision": 0.8531746031746031,
            "recall": 0.7430555555555557,
            "f1-score": 0.6968128692802001,
            "support": 143.0
        },
        "weighted avg": {
            "precision": 0.8552281052281052,
            "recall": 0.7412587412587412,
            "f1-score": 0.6966678036674155,
            "support": 143.0
        }
    }
}