{
    "accuracy": 0.7832167832167832,
    "report": {
        "0": {
            "precision": 1.0,
            "recall": 1.0,
            "f1-score": 1.0,
            "support": 48.0
        },
        "1": {
            "precision": 1.0,
            "recall": 0.3541666666666667,
            "f1-score": 0.5230769230769231,
            "support": 48.0
        },
        "2": {
            "precision": 0.6025641025641025,
            "recall": 1.0,
            "f1-score": 0.752,
            "support": 47.0
        },
        "accuracy": 0.7832167832167832,
        "macro avg": {
            "precision": 0.8675213675213675,
            "recall": 0.7847222222222223,
            "f1-score": 0.7583589743589743,
            "support": 143.0
        },
        "weighted avg": {
            "precision": 0.8693742155280617,
            "recall": 0.7832167832167832,
            "f1-score": 0.7584034427111349,
            "support": 143.0
        }
    }
}